"","distance_km","error_m"
"1",1.25e-07,-0.124638569
"2",2.65e-07,0.01756897
"3",4.84e-07,-0.440928097
"4",7.99e-07,0.261399068
"5",1.23e-06,-0.195226298
"6",1.78e-06,-0.657558029
"7",2.49e-06,-0.740893858
"8",3.36e-06,0.149681205
"9",4.42e-06,0.017866143
"10",5.67e-06,-0.266716522
"11",7.14e-06,0.163871755
"12",8.85e-06,0.108401387
"13",1.08e-05,-0.377442083
"14",1.3e-05,0.00613918
"15",1.56e-05,-0.282891957
"16",1.84e-05,0.133776807
"17",2.15e-05,0.544341328
"18",2.5e-05,-0.309133671
"19",2.88e-05,0.183321957
"20",3.31e-05,-0.298786407
"21",3.77e-05,0.281421272
"22",4.27e-05,0.104540916
"23",4.81e-05,-0.799009431
"24",5.4e-05,-0.47584401
"25",6.03e-05,-0.023140586
"26",6.72e-05,-0.088984304
"27",7.45e-05,-0.289971031
"28",8.23e-05,0.578682816
"29",9.07e-05,-0.282438694
"30",9.96e-05,0.362181258
"31",0.000109082,0.491757705
"32",0.000119143,-0.451655526
"33",0.000129805,0.126797556
"34",0.000141084,0.221740813
"35",0.000152998,-0.907935029
"36",0.000165565,-0.360109363
"37",0.000178802,-0.799669898
"38",0.000192727,-0.302504028
"39",0.000207356,-0.636081317
"40",0.000222707,-0.192908407
"41",0.000238798,-0.652712995
"42",0.000255646,-0.224758598
"43",0.000273268,-0.886835474
"44",0.000291682,0.509944371
"45",0.000310905,0.103582781
"46",0.000330955,-0.553643976
"47",0.000351849,-0.113989287
"48",0.000373604,-1.175979144
"49",0.000396238,-0.515471218
"50",0.000419768,-0.18179732
"51",0.000444211,0.771916798
"52",0.000469586,1.117774074
"53",0.000495909,0.210462946
"54",0.000523197,-0.258288122
"55",0.000551469,0.275947572
"56",0.000580741,-0.245467177
"57",0.000611032,0.636282191
"58",0.000642357,-0.086842249
"59",0.000674736,0.288976587
"60",0.000708184,-0.376938474
"61",0.00074272,-0.235579004
"62",0.000778361,-0.185858148
"63",0.000815125,-0.486923625
"64",0.000853028,-0.656686956
"65",0.000892088,-0.261746866
"66",0.000932323,-0.76887511
"67",0.00097375,0.130098017
"68",0.001016386,0.73073196
"69",0.001060249,-0.044883105
"70",0.001105356,0.566705166
"71",0.001151725,0.021771401
"72",0.001199372,0.293630207
"73",0.001248316,0.258548899
"74",0.001298574,-0.270295412
"75",0.001350162,-0.641987546
"76",0.0014031,-0.321026768
"77",0.001457403,-0.024184604
"78",0.001513089,-0.722516529
"79",0.001570177,-0.844444964
"80",0.001628682,0.992052671
"81",0.001688623,0.47543388
"82",0.001750017,-0.301708073
"83",0.001812881,0.005345884
"84",0.001877233,-0.604287868
"85",0.00194309,-0.412317003
"86",0.00201047,0.190573616
"87",0.00207939,0.238179363
"88",0.002149867,-0.866500581
"89",0.002221918,-0.517390206
"90",0.002295562,-1.576450093
"91",0.002370815,-0.185159756
"92",0.002447695,0.368997614
"93",0.00252622,-0.137304562
"94",0.002606406,-0.070740387
"95",0.002688272,0.14645173
"96",0.002771833,-0.215732477
"97",0.002857109,0.041368023
"98",0.002944116,0.091722526
"99",0.003032872,-0.095028532
"100",0.003123394,-0.553308338
"101",0.0032157,0.307444564
"102",0.003309806,-0.017150698
"103",0.003405731,0.796382565
"104",0.003503491,-0.127057544
"105",0.003603105,-1.03618936
"106",0.003704589,0.366908676
"107",0.003807961,0.07572444
"108",0.003913238,-0.112007038
"109",0.004020438,-0.408322079
"110",0.004129578,-0.036731428
"111",0.004240676,0.432749137
"112",0.004353748,0.233241365
"113",0.004468813,-0.877720075
"114",0.004585888,0.188837893
"115",0.004704989,-0.797028211
"116",0.004826135,-1.048286279
"117",0.004949343,0.187324347
"118",0.005074631,-0.499600156
"119",0.005202015,-0.120522063
"120",0.005331513,-0.087254981
"121",0.005463142,0.686112044
"122",0.005596921,-0.124987045
"123",0.005732866,-1.154782594
"124",0.005870994,-0.232802715
"125",0.006011324,-0.567052924
"126",0.006153872,-1.051788767
"127",0.006298656,0.501476365
"128",0.006445693,0.639979089
"129",0.006595001,0.695881453
"130",0.006746597,0.285649919
"131",0.006900499,0.174092599
"132",0.007056724,0.082918013
"133",0.007215288,-1.991490705
"134",0.007376211,0.253047838
"135",0.007539508,-0.367615252
"136",0.007705198,-0.07721043
"137",0.007873298,0.659712177
"138",0.008043825,0.266731871
"139",0.008216797,0.637646421
"140",0.008392231,0.278188905
"141",0.008570145,0.172296829
"142",0.008750555,0.250025667
"143",0.008933479,1.845478648
"144",0.009118936,0.224964966
"145",0.009306941,0.345189893
"146",0.009497513,-0.70387154
"147",0.009690669,-0.218999398
"148",0.009886425,-0.782681189
"149",0.010084801,0.607040744
"150",0.010285813,0.022866156
"151",0.010489478,-0.882335391
"152",0.010695814,0.306874838
"153",0.010904838,-0.540224921
"154",0.011116568,-0.584574164
"155",0.011331021,-0.759691227
"156",0.011548215,0.476670669
"157",0.011768166,0.165871937
"158",0.011990893,1.022852441
"159",0.012216412,0.161527935
"160",0.012444742,0.027979684
"161",0.012675899,-0.149863247
"162",0.0129099,0.441514346
"163",0.013146764,-0.808090591
"164",0.013386508,-0.109456869
"165",0.013629149,0.247899196
"166",0.013874704,0.115406839
"167",0.014123191,-0.132908665
"168",0.014374627,0.21959612
"169",0.01462903,0.414683466
"170",0.014886417,-1.439005528
"171",0.015146805,0.756049597
"172",0.015410213,0.910009285
"173",0.015676656,-0.069729764
"174",0.015946153,0.964329065
"175",0.016218722,0.120001775
"176",0.016494378,-0.313488567
"177",0.016773141,-0.647545731
"178",0.017055027,0.643570753
"179",0.017340053,-0.615858475
"180",0.017628238,0.590588607
"181",0.017919597,0.289678146
"182",0.01821415,-0.38216443
"183",0.018511913,-0.041366449
"184",0.018812904,0.34254986
"185",0.01911714,-0.346304498
"186",0.019424638,-0.274823113
"187",0.019735416,-0.37521839
"188",0.020049491,-0.162870064
"189",0.020366881,0.00861645
"190",0.020687603,0.92312812
"191",0.021011674,0.683659453
"192",0.021339112,0.809594058
"193",0.021669934,0.331155745
"194",0.022004158,0.284362682
"195",0.022341802,-0.384072276
"196",0.022682881,-0.203203018
"197",0.023027414,0.127508279
"198",0.023375419,-0.212230848
"199",0.023726912,-0.476204036
"200",0.024081911,-0.431547255
"201",0.024440434,0.056832388
"202",0.024802497,0.129778547
"203",0.025168119,0.511074631
"204",0.025537316,-0.546719652
"205",0.025910107,-1.049790377
"206",0.026286507,0.218380472
"207",0.026666536,0.360074787
"208",0.02705021,0.171134193
"209",0.027437546,-0.364169033
"210",0.027828563,-0.038814519
"211",0.028223276,0.494164799
"212",0.028621705,0.250425917
"213",0.029023866,-0.454330722
"214",0.029429777,0.38713919
"215",0.029839454,0.806857066
"216",0.030252916,0.10657762
"217",0.03067018,-0.144147473
"218",0.031091263,0.087043319
"219",0.031516182,-0.228415652
"220",0.031944956,-1.402687585
"221",0.032377601,-0.207556062
"222",0.032814135,-0.037376613
"223",0.033254575,-1.114723125
"224",0.033698938,-0.035636643
"225",0.034147243,0.809003298
"226",0.034599506,-0.300673709
"227",0.035055745,-0.696313249
"228",0.035515977,0.389719772
"229",0.035980219,0.055243914
"230",0.03644849,0.536115447
"231",0.036920806,0.531055353
"232",0.037397185,-0.426409442
"233",0.037877644,-0.272733859
"234",0.0383622,0.232118551
"235",0.038850872,-0.558338243
"236",0.039343676,0.146969081
"237",0.03984063,0.127642698
"238",0.040341751,0.001829215
"239",0.040847056,-0.652512295
"240",0.041356564,0.167200755
"241",0.041870291,0.528252774
"242",0.042388255,0.153603177
"243",0.042910473,-0.066467979
"244",0.043436962,0.132952962
"245",0.043967741,-0.115233278
"246",0.044502826,-0.077308023
"247",0.045042234,-0.103036059
"248",0.045585984,0.005396736
"249",0.046134093,0.377895031
"250",0.046686577,-1.027500034
"251",0.047243455,0.789661926
"252",0.047804744,-0.112191255
"253",0.04837046,1.180317011
"254",0.048940623,-0.080889606
"255",0.049515248,-0.010704131
"256",0.050094354,0.346009321
"257",0.050677957,0.51811938
"258",0.051266076,-0.567828155
"259",0.051858727,0.190734625
"260",0.052455928,0.441761835
"261",0.053057697,-0.122882131
"262",0.05366405,-0.209462067
"263",0.054275006,1.129897415
"264",0.054890581,0.025147313
"265",0.055510793,0.600891581
"266",0.05613566,0.201306092
"267",0.056765198,0.559952075
"268",0.057399425,0.423002027
"269",0.058038359,-0.089478752
"270",0.058682017,0.927843873
"271",0.059330416,-0.605090098
"272",0.059983574,0.151654463
"273",0.060641509,0.401685749
"274",0.061304236,-0.077074429
"275",0.061971775,-0.36709956
"276",0.062644142,0.271904823
"277",0.063321355,-0.562340366
"278",0.064003431,-0.850052205
"279",0.064690388,0.251798555
"280",0.065382242,-0.458780533
"281",0.066079012,0.167911997
"282",0.066780715,-0.34105882
"283",0.067487367,-0.835596556
"284",0.068198988,0.634191154
"285",0.068915593,-0.60639816
"286",0.069637201,-0.273419268
"287",0.070363828,-0.876311259
"288",0.071095493,-0.383726826
"289",0.071832212,-0.74258647
"290",0.072574003,-0.2660718
"291",0.073320883,-0.612584975
"292",0.07407287,-0.102830564
"293",0.074829981,-0.61013661
"294",0.075592234,-0.030570477
"295",0.076359646,0.886516923
"296",0.077132234,-0.498157301
"297",0.077910016,0.070048968
"298",0.078693009,0.427231019
"299",0.07948123,0.762278267
"300",0.080274698,-0.293026321
"301",0.081073429,-0.542095303
"302",0.08187744,-0.233767026
"303",0.08268675,-0.367023806
"304",0.083501375,0.038630637
"305",0.084321333,0.356328401
"306",0.085146642,-0.452726146
"307",0.085977318,0.292507702
"308",0.086813379,-0.545734023
"309",0.087654843,0.045151677
"310",0.088501727,-0.566475275
"311",0.089354048,0.720158995
"312",0.090211824,0.431133623
"313",0.091075072,0.685307203
"314",0.091943809,-0.531679501
"315",0.092818054,0.079953678
"316",0.093697822,1.055512487
"317",0.094583133,-0.832248144
"318",0.095474002,-0.479600629
"319",0.096370448,-0.548274945
"320",0.097272488,-0.701967979
"321",0.09818014,0.043202504
"322",0.09909342,-0.335649437
"323",0.100012346,0.297721656
"324",0.100936936,0.410587112
"325",0.101867206,0.174590978
"326",0.102803175,-0.02807623
"327",0.10374486,-0.587661366
"328",0.104692278,0.777179407
"329",0.105645446,-0.50898566
"330",0.106604382,-0.405868067
"331",0.107569104,0.035016965
"332",0.108539628,0.360418005
"333",0.109515972,0.474846012
"334",0.110498154,0.152706489
"335",0.111486191,0.06841106
"336",0.1124801,0.541004151
"337",0.113479898,0.651935684
"338",0.114485604,-0.099825525
"339",0.115497234,0.318646617
"340",0.116514807,-0.606898498
"341",0.117538338,-0.208074754
"342",0.118567846,-0.699513164
"343",0.119603349,0.182447326
"344",0.120644863,-0.58350968
"345",0.121692405,-0.563509816
"346",0.122745994,-0.208996233
"347",0.123805647,-0.649765986
"348",0.124871381,0.087135275
"349",0.125943213,-0.362222554
"350",0.127021161,-0.61440281
"351",0.128105243,0.76197734
"352",0.129195475,-0.919481271
"353",0.130291875,-0.302750125
"354",0.131394461,0.218275052
"355",0.13250325,-0.299256517
"356",0.133618259,-0.184007678
"357",0.134739505,-0.540276971
"358",0.135867007,0.164532087
"359",0.137000781,-0.677324311
"360",0.138140845,-0.217422441
"361",0.139287217,-0.641765903
"362",0.140439913,-1.121305406
"363",0.141598951,0.46712246
"364",0.142764348,-0.489030226
"365",0.143936123,-0.544821282
"366",0.145114292,0.643667861
"367",0.146298872,-0.412610434
"368",0.147489882,-0.226444045
"369",0.148687338,-0.551314067
"370",0.149891257,-0.505897124
"371",0.151101659,-0.593128731
"372",0.152318558,0.323038252
"373",0.153541974,0.557847661
"374",0.154771924,-0.319568906
"375",0.156008424,-0.519931665
"376",0.157251492,-0.168347596
"377",0.158501147,-0.241803756
"378",0.159757404,-0.276481756
"379",0.161020281,-0.475360892
"380",0.162289797,-0.049302351
"381",0.163565968,0.125271466
"382",0.164848811,-0.153168263
"383",0.166138345,-0.685903755
"384",0.167434586,0.003677619
"385",0.168737552,0.710721049
"386",0.17004726,1.017108137
"387",0.171363728,-0.904677719
"388",0.172686973,-0.63509743
"389",0.174017012,-0.525338249
"390",0.175353863,0.291569618
"391",0.176697544,-0.100917044
"392",0.178048071,0.606755494
"393",0.179405462,0.612001457
"394",0.180769734,0.479174965
"395",0.182140906,0.889085237
"396",0.183518994,0.353179887
"397",0.184904015,0.290980198
"398",0.186295987,-0.149521096
"399",0.187694928,0.896574617
"400",0.189100855,0.542804457
"401",0.190513785,0.018701358
"402",0.191933735,0.370600687
"403",0.193360724,0.09446184
"404",0.194794768,0.343242278
"405",0.196235885,-0.211883431
"406",0.197684092,0.375621238
"407",0.199139407,-0.354649725
"408",0.200601847,-0.042280619
"409",0.202071429,0.245658522
"410",0.203548171,1.033563038
"411",0.205032091,0.257419348
"412",0.206523205,0.90514221
"413",0.208021531,0.24539088
"414",0.209527086,-0.51328923
"415",0.211039889,0.021996009
"416",0.212559955,0.260835982
"417",0.214087303,1.240900607
"418",0.215621951,-0.150600815
"419",0.217163914,0.063355712
"420",0.218713212,0.962882227
"421",0.22026986,-0.3498415
"422",0.221833878,0.850207455
"423",0.223405281,0.214570662
"424",0.224984088,0.935011662
"425",0.226570315,-0.184166164
"426",0.228163981,-0.360294701
"427",0.229765103,-0.624541997
"428",0.231373697,0.217715403
"429",0.232989782,-0.247680657
"430",0.234613375,0.58180886
"431",0.236244493,-0.154614639
"432",0.237883153,-0.5796233
"433",0.239529374,0.239181428
"434",0.241183172,-0.253988081
"435",0.242844565,0.79838493
"436",0.24451357,0.537522852
"437",0.246190204,0.687132244
"438",0.247874486,0.029620338
"439",0.249566432,-0.524370707
"440",0.25126606,0.469805061
"441",0.252973387,-0.060025179
"442",0.254688431,0.052855907
"443",0.256411209,0.086833828
"444",0.258141738,-0.530571421
"445",0.259880036,1.190075606
"446",0.26162612,0.369339021
"447",0.263380008,0.018086637
"448",0.265141716,0.686988492
"449",0.266911263,-0.376447286
"450",0.268688666,0.426406709
"451",0.270473943,0.044526663
"452",0.272267109,-0.226244893
"453",0.274068184,1.100974561
"454",0.275877184,0.743872731
"455",0.277694127,0.149841032
"456",0.27951903,-0.354687269
"457",0.281351911,1.073452621
"458",0.283192787,-0.876465246
"459",0.285041675,-0.328164314
"460",0.286898593,0.962284147
"461",0.288763558,0.26123645
"462",0.290636588,0.527651062
"463",0.2925177,-0.070617393
"464",0.294406911,-0.585791565
"465",0.296304239,0.515555944
"466",0.298209701,-0.082424822
"467",0.300123314,0.509270271
"468",0.302045097,0.371365347
"469",0.303975066,0.458449407
"470",0.305913239,0.56080317
"471",0.307859633,0.034455751
"472",0.309814265,0.45753826
"473",0.311777154,-0.662300496
"474",0.313748316,0.662248051
"475",0.315727769,-0.53579071
"476",0.31771553,-0.479230607
"477",0.319711616,0.449409484
"478",0.321716046,0.259577849
"479",0.323728835,-0.855384257
"480",0.325750003,0.155679699
"481",0.327779566,-0.281143435
"482",0.329817541,-0.178420444
"483",0.331863947,0.393471541
"484",0.333918799,0.14193332
"485",0.335982117,-1.115018707
"486",0.338053917,0.687647898
"487",0.340134216,0.301202183
"488",0.342223032,-0.546733437
"489",0.344320383,0.120802513
"490",0.346426285,0.324900132
"491",0.348540756,-0.111253514
"492",0.350663815,-0.843467319
"493",0.352795477,0.725370849
"494",0.35493576,0.080815266
"495",0.357084682,0.294177959
"496",0.35924226,-0.552732444
"497",0.361408512,-0.294870385
"498",0.363583455,-0.497784577
"499",0.365767106,0.076831101
"500",0.367959483,0.7293295
"501",0.370160603,0.537300394
"502",0.372370484,-0.405890787
"503",0.374589143,0.516464651
"504",0.376816597,-0.158277478
"505",0.379052864,0.161965689
"506",0.38129796,0.376128443
"507",0.383551905,0.195575674
"508",0.385814714,0.992398071
"509",0.388086406,-0.091329713
"510",0.390366998,0.269853371
"511",0.392656506,-0.045364772
"512",0.394954949,0.038066846
"513",0.397262344,-1.062849693
"514",0.399578709,0.272681214
"515",0.40190406,-0.16478542
"516",0.404238416,-0.78159076
"517",0.406581792,-1.178742027
"518",0.408934208,-0.11619582
"519",0.411295681,-0.715739936
"520",0.413666226,-0.490533248
"521",0.416045864,0.469039707
"522",0.418434609,-0.863604117
"523",0.420832481,-1.035478116
"524",0.423239496,0.777194317
"525",0.425655671,-0.235536876
"526",0.428081025,-0.850519076
"527",0.430515574,0.285898809
"528",0.432959337,-0.834120499
"529",0.435412329,-0.34719334
"530",0.437874569,-1.061584824
"531",0.440346075,-1.025649689
"532",0.442826863,0.119099323
"533",0.445316951,-0.749140147
"534",0.447816356,0.17057762
"535",0.450325096,-0.524651135
"536",0.452843188,0.086638831
"537",0.455370649,-1.010749412
"538",0.457907498,-0.08648424
"539",0.460453751,0.236185424
"540",0.463009425,-0.502465932
"541",0.465574539,-0.509266451
"542",0.468149109,-0.716317376
"543",0.470733153,0.428895705
"544",0.473326689,0.001370749
"545",0.475929733,-0.434356245
"546",0.478542303,0.415915022
"547",0.481164417,-0.270774183
"548",0.483796092,-1.646868612
"549",0.486437345,-1.481620576
"550",0.489088193,-0.816686568
"551",0.491748655,-0.569586359
"552",0.494418748,-0.544572755
"553",0.497098488,-0.231686734
"554",0.499787893,0.199698677
"555",0.502486982,-0.766224408
"556",0.50519577,-0.771239015
"557",0.507914276,-0.346343719
"558",0.510642517,-0.340047557
"559",0.51338051,-0.335797046
"560",0.516128273,0.028232417
"561",0.518885823,-0.944855265
"562",0.521653177,-0.403495335
"563",0.524430353,-0.22255894
"564",0.527217369,-0.671547377
"565",0.530014241,-0.314638202
"566",0.532820988,-0.426906341
"567",0.535637626,-0.212279733
"568",0.538464172,-1.043781876
"569",0.541300645,-0.023757753
"570",0.544147062,-1.309079962
"571",0.54700344,0.093593943
"572",0.549869797,-0.302500592
"573",0.552746149,-0.66733978
"574",0.555632514,0.649284943
"575",0.558528911,-0.060348656
"576",0.561435355,0.268094128
"577",0.564351865,-0.015968304
"578",0.567278458,-0.473719449
"579",0.570215151,-0.399338793
"580",0.573161961,-1.175236178
"581",0.576118907,-0.096452936
"582",0.579086005,-0.259381224
"583",0.582063273,0.519141639
"584",0.585050729,-0.132605635
"585",0.588048389,0.151756178
"586",0.591056271,0.298162685
"587",0.594074393,-0.225962308
"588",0.597102771,0.173041858
"589",0.600141424,0.632167795
"590",0.603190369,0.080051317
"591",0.606249622,0.353976812
"592",0.609319202,0.414236131
"593",0.612399126,1.055814339
"594",0.615489412,1.036968142
"595",0.618590076,0.835999334
"596",0.621701135,1.012663009
"597",0.624822609,0.822627474
"598",0.627954513,0.73437534
"599",0.631096866,1.649333855
"600",0.634249684,1.149169061
"601",0.637412985,0.07542656
"602",0.640586787,0.261891667
"603",0.643771107,0.773180788
"604",0.646965962,0.518613869
"605",0.650171369,0.80083524
"606",0.653387347,-0.169453715
"607",0.656613912,0.588434364
"608",0.659851082,1.364660082
"609",0.663098874,-0.094910736
"610",0.666357306,0.917488925
"611",0.669626395,0.999687834
"612",0.672906158,1.192043208
"613",0.676196613,0.183939578
"614",0.679497778,1.134708946
"615",0.682809669,1.12815892
"616",0.686132304,0.211385731
"617",0.689465701,0.289113011
"618",0.692809877,0.131033977
"619",0.696164848,1.172775157
"620",0.699530634,0.07290298
"621",0.70290725,1.032283984
"622",0.706294715,0.178333306
"623",0.709693046,0.402256555
"624",0.71310226,0.667946921
"625",0.716522374,0.747589124
"626",0.719953407,0.764310915
"627",0.723395375,0.666172206
"628",0.726848296,0.201877255
"629",0.730312188,0.376850582
"630",0.733787066,0.752714801
"631",0.73727295,1.296186932
"632",0.740769857,0.809608242
"633",0.744277803,-0.409853553
"634",0.747796806,1.006117445
"635",0.751326884,0.536626323
"636",0.754868054,-0.07517082
"637",0.758420334,0.116805988
"638",0.76198374,0.974456037
"639",0.765558291,0.973131064
"640",0.769144003,0.187770478
"641",0.772740894,0.89305297
"642",0.776348982,1.114254703
"643",0.779968284,0.267645935
"644",0.783598816,0.923733877
"645",0.787240598,1.057797548
"646",0.790893645,0.31308035
"647",0.794557976,-0.198870395
"648",0.798233608,0.464492627
"649",0.801920557,0.771865172
"650",0.805618843,1.152413628
"651",0.809328481,1.270121065
"652",0.81304949,1.311885853
"653",0.816781887,-0.221628546
"654",0.820525689,0.148420788
"655",0.824280914,0.379263603
"656",0.828047578,0.678805607
"657",0.8318257,1.215351411
"658",0.835615297,0.366439458
"659",0.839416386,0.246684764
"660",0.843228985,1.105075716
"661",0.847053111,0.021181495
"662",0.850888781,-0.348280518
"663",0.854736013,0.025418971
"664",0.858594824,0.144786933
"665",0.862465232,-0.350886251
"666",0.866347253,0.492909965
"667",0.870240907,1.459488364
"668",0.874146209,0.383428779
"669",0.878063177,-0.065145745
"670",0.881991829,0.884884409
"671",0.885932181,0.72524053
"672",0.889884252,-0.082150747
"673",0.893848059,0.66133531
"674",0.89782362,0.55477414
"675",0.90181095,0.167441418
"676",0.905810069,0.108034199
"677",0.909820993,-0.590071282
"678",0.91384374,-0.598791188
"679",0.917878328,-0.171860904
"680",0.921924772,0.024527627
"681",0.925983092,-0.57135266
"682",0.930053304,0.707949737
"683",0.934135426,-0.252939762
"684",0.938229475,0.003046595
"685",0.942335469,0.569644792
"686",0.946453425,-0.764197692
"687",0.95058336,-0.653519066
"688",0.954725292,-0.180517744
"689",0.958879238,0.260975475
"690",0.963045216,-0.083824134
"691",0.967223242,-1.152820797
"692",0.971413336,0.074976087
"693",0.975615512,0.319223396
"694",0.97982979,0.130615426
"695",0.984056187,1.126206124
"696",0.98829472,-0.397896964
"697",0.992545406,-0.689690266
"698",0.996808262,-0.66284319
"699",1.001083307,0.043326204
"700",1.005370558,0.144999068
"701",1.009670031,-0.889756517
"702",1.013981745,0.491490881
"703",1.018305717,-0.13259144
"704",1.022641964,-0.459358664
"705",1.026990503,-0.021177315
"706",1.031351352,-0.188034673
"707",1.035724529,-0.627658254
"708",1.040110051,-0.606806796
"709",1.044507934,-0.355830424
"710",1.048918198,-1.284853379
"711",1.053340858,-0.025391887
"712",1.057775932,0.471069977
"713",1.062223439,0.066442832
"714",1.066683394,0.75004978
"715",1.071155816,-0.828727745
"716",1.075640722,-1.165833663
"717",1.08013813,0.2237782
"718",1.084648056,-1.379750694
"719",1.089170518,-0.38383974
"720",1.093705534,-0.770230366
"721",1.098253121,-0.129495912
"722",1.102813296,-1.292786271
"723",1.107386077,-0.705967637
"724",1.111971481,-0.448850516
"725",1.116569526,-0.838369147
"726",1.121180229,-1.615217622
"727",1.125803607,-1.191526022
"728",1.130439677,-1.388378054
"729",1.135088458,-1.663361325
"730",1.139749967,-1.353365218
"731",1.14442422,-1.314902119
"732",1.149111236,-1.357307787
"733",1.153811031,-1.031140158
"734",1.158523624,-1.154335643
"735",1.163249031,-1.516258464
"736",1.16798727,-0.21690033
"737",1.172738359,-0.090148795
"738",1.177502314,-1.06424524
"739",1.182279154,0.522768734
"740",1.187068894,0.520348244
"741",1.191871554,-0.602177139
"742",1.196687151,-0.588639922
"743",1.2015157,-1.029462653
"744",1.206357222,-0.851260273
"745",1.211211731,-0.828787307
"746",1.216079247,-1.706702639
"747",1.220959786,-1.216178583
"748",1.225853365,-0.779119613
"749",1.230760003,-1.174951348
"750",1.235679716,-1.112201953
"751",1.240612522,-1.276652203
"752",1.245558439,-0.325069327
"753",1.250517483,-2.141143574
"754",1.255489673,-2.150031151
"755",1.260475025,-0.962435837
"756",1.265473556,-2.154818369
"757",1.270485286,-1.583341746
"758",1.27551023,-1.996506951
"759",1.280548406,-1.286588199
"760",1.285599831,-1.847180766
"761",1.290664524,-1.636539384
"762",1.295742501,-1.710320453
"763",1.300833779,-1.375850849
"764",1.305938377,-1.173979361
"765",1.311056311,-1.369637352
"766",1.316187599,-1.824586179
"767",1.321332258,-1.164615937
"768",1.326490307,-1.036768166
"769",1.331661761,-2.220676928
"770",1.336846639,-1.744357322
"771",1.342044957,-1.843637946
"772",1.347256734,-1.200642183
"773",1.352481987,-0.822797039
"774",1.357720733,-0.433759748
"775",1.362972989,-0.98572628
"776",1.368238773,-1.26842093
"777",1.373518103,0.019964189
"778",1.378810995,-0.857128418
"779",1.384117468,0.344704822
"780",1.389437537,-0.499355758
"781",1.394771222,-0.495964386
"782",1.400118539,-0.658123439
"783",1.405479506,-0.100042965
"784",1.41085414,0.069056057
"785",1.416242458,-0.081978547
"786",1.421644479,-0.811400381
"787",1.427060218,0.139552148
"788",1.432489694,-0.306740417
"789",1.437932925,0.237273868
"790",1.443389927,0.331067925
"791",1.448860718,-0.402049916
"792",1.454345315,1.050137376
"793",1.459843735,1.045379911
"794",1.465355997,1.961765331
"795",1.470882118,1.2916993
"796",1.476422114,1.211053629
"797",1.481976003,1.50131556
"798",1.487543804,2.109765107
"799",1.493125532,0.825856605
"800",1.498721206,1.047638757
"801",1.504330842,2.306640033
"802",1.509954459,1.100287468
"803",1.515592074,1.540540312
"804",1.521243704,2.155504587
"805",1.526909366,0.912034701
"806",1.532589078,1.950149629
"807",1.538282858,2.815593646
"808",1.543990722,0.974835176
"809",1.549712688,1.922151154
"810",1.555448773,1.535724103
"811",1.561198996,0.90152875
"812",1.566963373,1.301201368
"813",1.572741921,0.731633362
"814",1.578534659,2.543947801
"815",1.584341603,1.053863374
"816",1.590162771,1.929759741
"817",1.59599818,1.013621402
"818",1.601847848,1.55662155
"819",1.607711792,1.874821447
"820",1.613590029,1.569134107
"821",1.619482577,1.985883825
"822",1.625389454,1.929195777
"823",1.631310676,0.819437177
"824",1.637246261,0.963107115
"825",1.643196227,1.242770919
"826",1.649160591,0.845040062
"827",1.65513937,1.245432357
"828",1.661132581,2.280489923
"829",1.667140243,1.312358678
"830",1.673162372,1.634221273
"831",1.679198986,1.480308667
"832",1.685250102,2.335384844
"833",1.691315738,1.15475433
"834",1.69739591,1.106458201
"835",1.703490638,1.672799692
"836",1.709599937,1.799621626
"837",1.715723825,1.288059731
"838",1.72186232,0.840270007
"839",1.72801544,1.400160808
"840",1.7341832,1.567593858
"841",1.74036562,1.324574154
"842",1.746562715,2.623590173
"843",1.752774505,0.742174358
"844",1.759001005,0.627201303
"845",1.765242234,1.175401
"846",1.771498209,0.340790339
"847",1.777768947,0.55910423
"848",1.784054465,1.019927969
"849",1.790354782,1.018802789
"850",1.796669914,0.859538349
"851",1.802999879,1.405648053
"852",1.809344694,1.092097661
"853",1.815704377,1.552340675
"854",1.822078945,0.908509347
"855",1.828468415,1.967991455
"856",1.834872805,0.866226326
"857",1.841292133,1.147866582
"858",1.847726415,0.954600786
"859",1.854175669,0.164055894
"860",1.860639912,2.290155233
"861",1.867119162,1.142741789
"862",1.873613437,0.889203995
"863",1.880122753,0.475772783
"864",1.886647128,0.747574645
"865",1.89318658,0.35837967
"866",1.899741125,1.146460013
"867",1.906310782,0.121034659
"868",1.912895567,1.391826236
"869",1.919495499,0.685596349
"870",1.926110593,-0.072133193
"871",1.932740869,0.436062723
"872",1.939386343,0.231231613
"873",1.946047032,0.323296396
"874",1.952722955,0.835901837
"875",1.959414128,0.411549047
"876",1.966120568,1.142412605
"877",1.972842294,0.56124343
"878",1.979579323,0.355986271
"879",1.986331671,-1.191382963
"880",1.993099357,0.689898807
"881",1.999882398,-0.974607647
"882",2.006680811,-0.040596382
"883",2.013494614,0.412658665
"884",2.020323823,0.590133273
"885",2.027168457,0.274267162
"886",2.034028533,0.08067705
"887",2.040904068,0.236720901
"888",2.04779508,-1.473465388
"889",2.054701586,-0.040766774
"890",2.061623603,0.727398265
"891",2.068561148,-0.432692207
"892",2.075514241,-0.080611669
"893",2.082482896,-1.29152119
"894",2.089467133,0.706669544
"895",2.096466968,0.087016623
"896",2.103482419,-1.044920401
"897",2.110513503,-1.447903602
"898",2.117560238,-0.57218414
"899",2.124622641,-0.469812763
"900",2.131700729,0.274323554
"901",2.13879452,-0.917850587
"902",2.145904031,-0.283428304
"903",2.153029279,-0.75421241
"904",2.160170283,-1.412797823
"905",2.167327059,-0.73855401
"906",2.174499625,-0.346558679
"907",2.181687998,-1.025219934
"908",2.188892196,-1.156242362
"909",2.196112235,-0.877466854
"910",2.203348134,-0.536146656
"911",2.21059991,-0.493066212
"912",2.21786758,-1.362442368
"913",2.225151162,-1.01486697
"914",2.232450672,-1.295249668
"915",2.239766129,-1.092392391
"916",2.24709755,-1.370998791
"917",2.254444952,-0.892441294
"918",2.261808353,-0.721912303
"919",2.269187769,-1.386926142
"920",2.276583219,-1.342267601
"921",2.28399472,-1.512199945
"922",2.291422289,-1.26698017
"923",2.298865943,-1.188859132
"924",2.3063257,-0.819357096
"925",2.313801578,-1.223416364
"926",2.321293594,-1.744461502
"927",2.328801765,-1.188946531
"928",2.336326108,-1.397962638
"929",2.343866641,-1.825713516
"930",2.351423382,-1.845289414
"931",2.358996347,-1.428579141
"932",2.366585555,-1.309179245
"933",2.374191022,-1.920780721
"934",2.381812766,-1.37681183
"935",2.389450804,-1.619863063
"936",2.397105155,-1.923967667
"937",2.404775834,-2.113585087
"938",2.41246286,-2.239230845
"939",2.42016625,-2.659949733
"940",2.427886021,-1.672627816
"941",2.435622191,-3.067596202
"942",2.443374778,-1.896916385
"943",2.451143798,-2.404263948
"944",2.458929268,-2.580653147
"945",2.466731207,-2.534787869
"946",2.474549632,-2.104376319
"947",2.48238456,-2.53882757
"948",2.490236009,-2.766581527
"949",2.498103995,-1.450079048
"950",2.505988537,-2.622048812
"951",2.513889652,-1.918912527
"952",2.521807357,-2.235742452
"953",2.529741669,-1.923933274
"954",2.537692606,-3.30508187
"955",2.545660186,-2.659583946
"956",2.553644425,-2.631963204
"957",2.561645342,-2.571450656
"958",2.569662953,-3.065564969
"959",2.577697276,-2.535459981
"960",2.585748328,-2.156261527
"961",2.593816127,-3.619663727
"962",2.601900691,-2.923566883
"963",2.610002036,-2.630377677
"964",2.618120179,-1.928527159
"965",2.626255139,-2.78426533
"966",2.634406933,-2.558583107
"967",2.642575578,-2.293880512
"968",2.650761092,-3.052790698
"969",2.658963491,-1.947084663
"970",2.667182794,-3.421889254
"971",2.675419017,-2.590269614
"972",2.683672179,-1.95833142
"973",2.691942296,-2.712303101
"974",2.700229386,-2.410731258
"975",2.708533467,-1.717868796
"976",2.716854555,-1.622092992
"977",2.725192668,-1.98653314
"978",2.733547824,-2.166854149
"979",2.74192004,-2.091261456
"980",2.750309333,-1.265348002
"981",2.758715721,-0.483995474
"982",2.76713922,-1.137040372
"983",2.77557985,-0.944236541
"984",2.784037626,-0.353458448
"985",2.792512567,-1.540305995
"986",2.801004689,0.742771508
"987",2.809514011,0.935866311
"988",2.818040549,1.080947598
"989",2.826584321,0.081041001
"990",2.835145344,2.418022428
"991",2.843723636,1.296838638
"992",2.852319214,2.416009335
"993",2.860932096,1.579157938
"994",2.869562299,2.780430542
"995",2.878209839,2.820034924
"996",2.886874736,2.265323574
"997",2.895557006,2.295233861
"998",2.904256666,3.215142348
"999",2.912973734,2.263424122
"1000",2.921708227,3.23236034
"1001",2.930460164,2.942123935
"1002",2.93922956,3.409034493
"1003",2.948016434,3.494629225
"1004",2.956820802,3.081390848
"1005",2.965642683,3.085613667
"1006",2.974482094,3.027567578
"1007",2.983339052,2.315947241
"1008",2.992213574,2.704723621
"1009",3.001105678,2.673451841
"1010",3.010015381,3.483673734
"1011",3.018942702,3.552984185
"1012",3.027887656,3.803706747
"1013",3.036850262,3.331077379
"1014",3.045830536,3.275072431
"1015",3.054828497,2.480980263
"1016",3.063844162,3.365056815
"1017",3.072877547,2.405092591
"1018",3.081928672,1.962656297
"1019",3.090997552,2.607862435
"1020",3.100084205,2.137206494
"1021",3.109188649,2.208806115
"1022",3.118310901,2.262949508
"1023",3.127450979,3.695424923
"1024",3.1366089,3.329524526
"1025",3.145784681,2.478025584
"1026",3.154978339,3.284323309
"1027",3.164189893,2.42411068
"1028",3.173419359,2.645755171
"1029",3.182666755,3.202756186
"1030",3.191932098,2.816707972
"1031",3.201215406,2.417167784
"1032",3.210516696,2.003852536
"1033",3.219835985,3.781709688
"1034",3.229173292,3.362629848
"1035",3.238528632,3.548914142
"1036",3.247902025,3.143970127
"1037",3.257293486,2.489164285
"1038",3.266703034,2.138001957
"1039",3.276130686,2.51794
"1040",3.285576459,3.830937422
"1041",3.295040371,1.88969498
"1042",3.304522438,2.074520357
"1043",3.31402268,1.857203404
"1044",3.323541112,2.302360934
"1045",3.333077752,3.794249593
"1046",3.342632618,1.91722166
"1047",3.352205727,2.806286508
"1048",3.361797097,2.124521352
"1049",3.371406744,2.313849174
"1050",3.381034687,2.574676058
"1051",3.390680942,1.916537101
"1052",3.400345528,1.717888801
"1053",3.410028461,1.695273484
"1054",3.419729758,1.694623054
"1055",3.429449438,1.402917797
"1056",3.439187518,1.833520748
"1057",3.448944015,1.770615337
"1058",3.458718946,1.518142526
"1059",3.468512329,1.684884298
"1060",3.478324181,1.410786585
"1061",3.48815452,1.962894215
"1062",3.498003363,1.755674033
"1063",3.507870728,1.250410562
"1064",3.517756631,1.037790972
"1065",3.52766109,1.088538356
"1066",3.537584124,0.845193509
"1067",3.547525748,0.859896738
"1068",3.55748598,0.944999863
"1069",3.567464839,1.103156405
"1070",3.577462341,0.820160427
"1071",3.587478503,0.270412336
"1072",3.597513344,1.648216254
"1073",3.60756688,0.932993904
"1074",3.617639128,0.964576704
"1075",3.627730107,1.537925158
"1076",3.637839834,0.987760086
"1077",3.647968326,0.0452646
"1078",3.6581156,0.812996346
"1079",3.668281674,0.912491065
"1080",3.678466565,0.180863047
"1081",3.688670291,0.571942479
"1082",3.698892869,-0.618248898
"1083",3.709134316,-0.283328823
"1084",3.71939465,0.575029319
"1085",3.729673888,0.375050144
"1086",3.739972048,0.36977324
"1087",3.750289147,-0.283596973
"1088",3.760625203,-0.104497001
"1089",3.770980232,-0.086481467
"1090",3.781354253,0.22114364
"1091",3.791747282,-0.194981929
"1092",3.802159337,-0.376658032
"1093",3.812590436,0.252166525
"1094",3.823040595,-1.477205955
"1095",3.833509833,-1.208413581
"1096",3.843998166,-0.920380224
"1097",3.854505612,0.054138298
"1098",3.865032189,-0.51140723
"1099",3.875577913,-0.213312515
"1100",3.886142803,-1.505448448
"1101",3.896726875,-1.085749798
"1102",3.907330148,-2.128347476
"1103",3.917952638,-1.848135514
"1104",3.928594362,-1.127110157
"1105",3.939255339,-1.42479741
"1106",3.949935585,-1.378941554
"1107",3.960635119,-0.604493291
"1108",3.971353957,-1.607843252
"1109",3.982092116,-1.004505265
"1110",3.992849615,-2.009887084
"1111",4.003626471,-1.00125186
"1112",4.0144227,-2.305504987
"1113",4.025238321,-2.590200965
"1114",4.036073351,-2.494701811
"1115",4.046927807,-1.799548505
"1116",4.057801706,-2.621748829
"1117",4.068695067,-2.589897248
"1118",4.079607906,-2.622327169
"1119",4.09054024,-2.066170812
"1120",4.101492088,-1.838606069
"1121",4.112463467,-2.468182847
"1122",4.123454393,-2.621714985
"1123",4.134464885,-2.15757469
"1124",4.14549496,-2.959333347
"1125",4.156544635,-2.715091867
"1126",4.167613927,-3.337811692
"1127",4.178702855,-2.02059282
"1128",4.189811435,-2.646387929
"1129",4.200939684,-2.881792066
"1130",4.212087621,-2.93248286
"1131",4.223255263,-2.881984628
"1132",4.234442626,-3.386085851
"1133",4.245649729,-3.362263174
"1134",4.256876589,-2.751477454
"1135",4.268123223,-2.850082393
"1136",4.279389648,-2.910336328
"1137",4.290675882,-2.696642557
"1138",4.301981943,-3.395002095
"1139",4.313307848,-3.531241702
"1140",4.324653613,-3.12143688
"1141",4.336019258,-2.696264179
"1142",4.347404798,-3.371234872
"1143",4.358810252,-3.351518176
"1144",4.370235636,-3.920318455
"1145",4.381680969,-4.20369517
"1146",4.393146267,-4.64196168
"1147",4.404631548,-4.412549839
"1148",4.41613683,-5.004518217
"1149",4.427662129,-4.589326426
"1150",4.439207464,-4.310517281
"1151",4.450772851,-4.893975452
"1152",4.462358308,-3.985382551
"1153",4.473963852,-3.736582876
"1154",4.485589502,-4.358876861
"1155",4.497235273,-4.182644147
"1156",4.508901184,-3.765381013
"1157",4.520587252,-4.903087034
"1158",4.532293494,-4.081965639
"1159",4.544019928,-5.046481492
"1160",4.555766571,-4.232100571
"1161",4.567533441,-4.7994524
"1162",4.579320555,-3.997730089
"1163",4.59112793,-4.521823533
"1164",4.602955584,-4.679346445
"1165",4.614803534,-5.830102584
"1166",4.626671797,-5.69036903
"1167",4.638560392,-4.495890225
"1168",4.650469335,-4.890048484
"1169",4.662398643,-3.6822785
"1170",4.674348335,-4.27702931
"1171",4.686318428,-4.394444788
"1172",4.698308938,-4.333617279
"1173",4.710319884,-4.890407243
"1174",4.722351282,-5.376151096
"1175",4.734403151,-4.56926898
"1176",4.746475507,-2.66303944
"1177",4.758568368,-4.248081584
"1178",4.770681751,-2.756638196
"1179",4.782815674,-3.078412749
"1180",4.794970155,-2.093360255
"1181",4.80714521,-1.086247908
"1182",4.819340856,-3.074858229
"1183",4.831557113,-2.164436008
"1184",4.843793995,-0.842200302
"1185",4.856051522,-0.460465474
"1186",4.868329711,0.017490688
"1187",4.880628579,1.38631093
"1188",4.892948142,0.72260669
"1189",4.90528842,1.622644147
"1190",4.917649429,2.437940012
"1191",4.930031186,3.070277144
"1192",4.942433709,3.437501644
"1193",4.954857016,3.782063058
"1194",4.967301123,2.927725854
"1195",4.979766048,4.578393747
"1196",4.992251809,5.425338117
"1197",5.004758423,4.772510238
"1198",5.017285907,5.031060901
"1199",5.029834279,4.879941011
"1200",5.042403556,5.089501509
"1201",5.054993756,5.204976194
"1202",5.067604896,5.392957155
"1203",5.080236992,3.883968049
"1204",5.092890064,4.941437736
"1205",5.105564128,5.238135037
"1206",5.118259201,5.724637167
"1207",5.130975301,5.426304581
"1208",5.143712445,5.745555434
"1209",5.156470652,5.400433596
"1210",5.169249937,4.940081418
"1211",5.182050319,5.210330199
"1212",5.194871814,5.241821419
"1213",5.207714442,4.832544349
"1214",5.220578217,5.530120506
"1215",5.233463159,5.481374942
"1216",5.246369285,4.775321078
"1217",5.259296611,5.39523773
"1218",5.272245156,4.376465812
"1219",5.285214936,4.980543921
"1220",5.298205969,5.502260645
"1221",5.311218273,5.25572605
"1222",5.324251865,4.845842639
"1223",5.337306762,4.749476453
"1224",5.350382982,5.001979515
"1225",5.363480542,5.229298941
"1226",5.37659946,4.873465178
"1227",5.389739752,4.909505918
"1228",5.402901437,4.872028045
"1229",5.416084531,4.103050416
"1230",5.429289053,4.902463018
"1231",5.442515019,4.845195693
"1232",5.455762447,4.736473853
"1233",5.469031354,4.715796854
"1234",5.482321758,4.700554325
"1235",5.495633676,3.742998583
"1236",5.508967125,4.294380147
"1237",5.522322124,4.519750607
"1238",5.535698688,4.167898298
"1239",5.549096837,4.205592705
"1240",5.562516586,4.370203198
"1241",5.575957954,4.787013923
"1242",5.589420958,3.474157258
"1243",5.602905615,4.226710732
"1244",5.616411943,3.834936891
"1245",5.629939959,4.153799393
"1246",5.64348968,3.903389211
"1247",5.657061125,3.287303856
"1248",5.670654309,3.448963865
"1249",5.684269251,3.826101785
"1250",5.697905969,3.520213661
"1251",5.711564479,2.726698031
"1252",5.725244798,3.082716067
"1253",5.738946945,3.324490058
"1254",5.752670937,3.699049737
"1255",5.766416791,3.126762857
"1256",5.780184524,2.384475709
"1257",5.793974154,2.041549408
"1258",5.807785699,2.747784436
"1259",5.821619175,3.236854824
"1260",5.8354746,2.402947359
"1261",5.849351991,2.094449944
"1262",5.863251367,2.368999711
"1263",5.877172744,2.461632763
"1264",5.891116139,2.061397848
"1265",5.905081571,2.360374677
"1266",5.919069056,1.426638151
"1267",5.933078611,1.65149102
"1268",5.947110255,2.109375521
"1269",5.961164005,2.361031171
"1270",5.975239878,1.603102983
"1271",5.989337891,1.897896123
"1272",6.003458063,1.154823816
"1273",6.017600409,1.599778353
"1274",6.031764948,0.945758553
"1275",6.045951697,0.975766976
"1276",6.060160674,0.342150088
"1277",6.074391895,1.569029962
"1278",6.088645379,1.289107562
"1279",6.102921142,0.506856588
"1280",6.117219203,0.375568664
"1281",6.131539578,0.836025517
"1282",6.145882285,-0.005713879
"1283",6.160247341,0.390402087
"1284",6.174634763,0.079977942
"1285",6.18904457,-0.884533817
"1286",6.203476778,0.91352086
"1287",6.217931405,-0.179681104
"1288",6.232408468,-0.692007747
"1289",6.246907985,-0.895286127
"1290",6.261429973,-0.686756844
"1291",6.27597445,-1.727195063
"1292",6.290541432,-0.365722981
"1293",6.305130938,-0.139619553
"1294",6.319742984,-0.722451133
"1295",6.334377588,-1.172726926
"1296",6.349034767,-0.728111153
"1297",6.36371454,-1.231218941
"1298",6.378416923,-1.82577088
"1299",6.393141933,-1.362732221
"1300",6.407889588,-0.040608641
"1301",6.422659906,-1.583198838
"1302",6.437452904,-2.95215024
"1303",6.452268599,-1.852603467
"1304",6.467107008,-2.283596747
"1305",6.48196815,-2.901287039
"1306",6.496852041,-1.940407573
"1307",6.511758699,-2.582502004
"1308",6.526688141,-2.296923272
"1309",6.541640385,-2.847619002
"1310",6.556615447,-2.981506655
"1311",6.571613347,-2.782200667
"1312",6.5866341,-2.66798634
"1313",6.601677724,-2.228116339
"1314",6.616744237,-3.477424497
"1315",6.631833655,-3.753313429
"1316",6.646945998,-3.846452825
"1317",6.662081281,-4.678511613
"1318",6.677239522,-3.773560451
"1319",6.692420739,-3.177401345
"1320",6.707624949,-3.054725254
"1321",6.72285217,-4.296149102
"1322",6.738102418,-4.025510371
"1323",6.753375711,-4.547692032
"1324",6.768672067,-5.015461651
"1325",6.783991503,-4.730741693
"1326",6.799334037,-5.069812331
"1327",6.814699685,-5.67795498
"1328",6.830088466,-5.524070271
"1329",6.845500396,-4.406044208
"1330",6.860935493,-5.758576901
"1331",6.876393775,-3.998603251
"1332",6.891875258,-4.936768231
"1333",6.90737996,-4.809415922
"1334",6.9229079,-6.480850717
"1335",6.938459093,-5.760361903
"1336",6.954033557,-5.207737368
"1337",6.969631311,-6.366943693
"1338",6.98525237,-5.96819372
"1339",7.000896754,-5.538123986
"1340",7.016564478,-5.999753933
"1341",7.03225556,-6.087152055
"1342",7.047970019,-4.785095335
"1343",7.063707871,-6.624684964
"1344",7.079469133,-6.731869989
"1345",7.095253823,-6.214951759
"1346",7.111061959,-7.215699834
"1347",7.126893557,-6.51895682
"1348",7.142748636,-6.981819084
"1349",7.158627212,-6.589389234
"1350",7.174529303,-6.215653942
"1351",7.190454927,-6.273709953
"1352",7.2064041,-7.236155595
"1353",7.222376841,-7.070101346
"1354",7.238373166,-6.283517705
"1355",7.254393093,-6.59376671
"1356",7.270436639,-7.088734891
"1357",7.286503823,-7.198331366
"1358",7.30259466,-7.902486755
"1359",7.318709169,-6.270304549
"1360",7.334847367,-7.360748669
"1361",7.351009272,-7.196244159
"1362",7.3671949,-6.515562509
"1363",7.38340427,-8.090176748
"1364",7.399637398,-7.459686685
"1365",7.415894302,-7.791399383
"1366",7.432174999,-6.950804222
"1367",7.448479507,-8.067914706
"1368",7.464807843,-7.805960325
"1369",7.481160025,-7.096532581
"1370",7.49753607,-7.189364622
"1371",7.513935995,-7.465922899
"1372",7.530359818,-8.383377185
"1373",7.546807557,-7.330198221
"1374",7.563279227,-6.571097064
"1375",7.579774848,-6.547160695
"1376",7.596294436,-6.66931089
"1377",7.612838009,-6.270411326
"1378",7.629405584,-6.171230474
"1379",7.645997179,-5.281827827
"1380",7.66261281,-4.093749002
"1381",7.679252496,-2.798951795
"1382",7.695916254,-2.818859915
"1383",7.712604101,-1.319300691
"1384",7.729316055,-0.240330012
"1385",7.746052132,-0.927119993
"1386",7.762812351,1.066067738
"1387",7.779596728,1.238827238
"1388",7.796405282,2.350583549
"1389",7.813238029,2.454232776
"1390",7.830094987,3.252839857
"1391",7.846976174,5.199727069
"1392",7.863881606,5.335482391
"1393",7.880811302,6.117540085
"1394",7.897765278,6.073857769
"1395",7.914743552,7.428427826
"1396",7.931746141,7.761397132
"1397",7.948773063,8.030014471
"1398",7.965824335,7.459570432
"1399",7.982899975,8.08234633
"1400",8,7.898075478
